{
  "last_close": 25983.45,
  "sma50": 26024.232999999993,
  "timestamp": "2025-12-29T11:16:00.298352+05:30"
}